agréable_surprise_vraiment surprise_vraiment_burgers vraiment_burgers_sont burgers_sont_juste sont_juste_énormes juste_énormes_salades énormes_salades_sont salades_sont_moins sont_moins_aussi moins_aussi_biens aussi_biens_gratin biens_gratin_ravioles gratin_ravioles_était ravioles_était_généreux était_généreux_goûtu généreux_goûtu_Desserts goûtu_Desserts_vraiment Desserts_vraiment_bons vraiment_bons_même bons_même_n' même_n'_avions n'_avions_plus avions_plus_tout plus_tout_fin tout_fin_déjà fin_déjà_milieu déjà_milieu_plat milieu_plat_résistance plat_résistance_jeune