Personnel_charmant_sommes charmant_sommes_régalés sommes_régalés_prix régalés_prix_menus prix_menus_sont menus_sont_corrects sont_corrects_mangerez corrects_mangerez_faim mangerez_faim_Bonne faim_Bonne_adresse