soyez_néophytes_vins néophytes_vins_spiritueux vins_spiritueux_experts spiritueux_experts_serez experts_serez_ravis serez_ravis_venir ravis_venir_lieu venir_lieu_privilégié lieu_privilégié_vins privilégié_vins_verre vins_verre_changent verre_changent_mois changent_mois_bonne mois_bonne_dizaine bonne_dizaine_références dizaine_références_3 références_3_couleurs 3_couleurs_carte couleurs_carte_vins carte_vins_bouteilles vins_bouteilles_est