Endroit_très_sympathique très_sympathique_chaleureux sympathique_chaleureux_avons chaleureux_avons_très avons_très_bien très_bien_mangé bien_mangé_petits mangé_petits_légumes petits_légumes_étaient légumes_étaient_excellentes étaient_excellentes_bien excellentes_bien_conseillé bien_conseillé_vin conseillé_vin_verre vin_verre_reviendrai verre_reviendrai_certainement