avons_trouvé_restaurant trouvé_restaurant_n’avons restaurant_n’avons_pas n’avons_pas_été pas_été_déçu été_déçu_Service déçu_Service_discret Service_discret_attentif discret_attentif_carte attentif_carte_est carte_est_variée est_variée_tout variée_tout_faisait tout_faisait_envie faisait_envie_plats envie_plats_étaient plats_étaient_absolument étaient_absolument_délicieux absolument_délicieux_vrai délicieux_vrai_régal vrai_régal_Allez régal_Allez_yeux Allez_yeux_fermés