avons_pris_menu pris_menu_végétarien menu_végétarien_n' végétarien_n'_avons n'_avons_pas avons_pas_été pas_été_déçus été_déçus_soupe déçus_soupe_choux soupe_choux_makki choux_makki_concombre makki_concombre_avocats concombre_avocats_sushi avocats_sushi_avocat sushi_avocat_bol avocat_bol_riz bol_riz_brochettes riz_brochettes_champignons brochettes_champignons_délicieuses champignons_délicieuses_Seul délicieuses_Seul_bémol Seul_bémol_kir bémol_kir_cassis kir_cassis_vrai cassis_vrai_tord vrai_tord_boyaux tord_boyaux_salle boyaux_salle_est salle_est_belle