sommes_déjà_venus déjà_venus_reprises venus_reprises_établissement reprises_établissement_est établissement_est_toujours est_toujours_aussi toujours_aussi_bon aussi_bon_salades bon_salades_accompagnées salades_accompagnées_gratin accompagnées_gratin_dauphinois gratin_dauphinois_sont dauphinois_sont_très sont_très_copieuses très_copieuses_desserts copieuses_desserts_changent desserts_changent_fréquemment changent_fréquemment_bonne fréquemment_bonne_adresse bonne_adresse_pensez adresse_pensez_réserver pensez_réserver_fois réserver_fois_est fois_est_complet