Plats_excellents_Entrées excellents_Entrées_fondantes Entrées_fondantes_assiettes fondantes_assiettes_saumon assiettes_saumon_grenouilles saumon_grenouilles_juste grenouilles_juste_peu juste_peu_trop peu_trop_sèches trop_sèches_savoureuses sèches_savoureuses_Desserts savoureuses_Desserts_sublimes Desserts_sublimes_copieux sublimes_copieux_trou copieux_trou_normand trou_normand_original normand_original_super original_super_bon super_bon_accueil bon_accueil_parfait accueil_parfait_l’équipe