Tout_abord_très abord_très_bon très_bon_accueil bon_accueil_menu accueil_menu_peu menu_peu_succinct peu_succinct_plat succinct_plat_dessert plat_dessert_succulent dessert_succulent_avons succulent_avons_pris avons_pris_côte pris_côte_veau côte_veau_champignons veau_champignons_plat champignons_plat_dessert plat_dessert_brioche dessert_brioche_perdue brioche_perdue_boule perdue_boule_glace boule_glace_vanille glace_vanille_tarte