avons_très_bien très_bien_reçu bien_reçu_fait reçu_fait_restaurant fait_restaurant_était restaurant_était_bondé était_bondé_serveur bondé_serveur_était serveur_était_seul était_seul_a seul_a_été a_été_vraiment été_vraiment_petits vraiment_petits_soins petits_soins_souriant soins_souriant_Concernant souriant_Concernant_plats Concernant_plats_rien plats_rien_redire rien_redire_belle redire_belle_découverte belle_découverte_deco découverte_deco_sympa deco_sympa_recommande