faisait_années_n' années_n'_avais n'_avais_pas avais_pas_eu pas_eu_occasion eu_occasion_manger occasion_manger_saveurs manger_saveurs_sont saveurs_sont_toujours sont_toujours_rendez toujours_rendez_tout rendez_tout_comme tout_comme_plats comme_plats_gourmets plats_gourmets_raffinés gourmets_raffinés_patron raffinés_patron_est patron_est_très est_très_accueillant très_accueillant_très accueillant_très_professionnel très_professionnel_maîtrise professionnel_maîtrise_cartes maîtrise_cartes_cadre cartes_cadre_est cadre_est_chaleureux est_chaleureux_table chaleureux_table_incontournable