service_sympa_produits sympa_produits_frais produits_frais_originaux frais_originaux_qualité originaux_qualité_accompagnés qualité_accompagnés_vins accompagnés_vins_variés vins_variés_Repas variés_Repas_convivial Repas_convivial_grande convivial_grande_terrasse grande_terrasse_très terrasse_très_agréable très_agréable_tapas agréable_tapas_2 tapas_2_sont 2_sont_énormes sont_énormes_super énormes_super_sympas super_sympas_originaux sympas_originaux_bémol originaux_bémol_desserts bémol_desserts_quasi desserts_quasi_inexistants quasi_inexistants_vrai inexistants_vrai_dire vrai_dire_aurait