sommes_aller_manger aller_manger_restaurant manger_restaurant_première restaurant_première_fois première_fois_semaine fois_semaine_dernière semaine_dernière_avons dernière_avons_eu avons_eu_bonne eu_bonne_expérience bonne_expérience_général expérience_général_entrée général_entrée_était entrée_était_pas était_pas_très pas_très_copieuse très_copieuse_très copieuse_très_bonne très_bonne_plat bonne_plat_principal plat_principal_était principal_était_tomber était_tomber_terre