Accueil_sympathique_plats sympathique_plats_très plats_très_savoureux très_savoureux_Petite savoureux_Petite_coupe Petite_coupe_champagne coupe_champagne_servie champagne_servie_amuse-bouche servie_amuse-bouche_comble amuse-bouche_comble_restaurant comble_restaurant_est restaurant_est_nom