vrai_bonheur_rendre bonheur_rendre_saveurs rendre_saveurs_émotions saveurs_émotions_garanties émotions_garanties_service garanties_service_irréprochable service_irréprochable_plus irréprochable_plus_sympathiques plus_sympathiques_pro sympathiques_pro_sent pro_sent_passion sent_passion_culinaire passion_culinaire_joli culinaire_joli_couple joli_couple_Longue couple_Longue_vie Longue_vie_petit vie_petit_joyau