Très_grande_cuisine grande_cuisine_associations cuisine_associations_inédites associations_inédites_sublimation inédites_sublimation_papilles sublimation_papilles_changement papilles_changement_carte changement_carte_saison carte_saison_fruits saison_fruits_légumes fruits_légumes_saison légumes_saison_accueil saison_accueil_est accueil_est_ultra est_ultra_sympathique ultra_sympathique_gentillesse sympathique_gentillesse_propriétaires gentillesse_propriétaires_ne propriétaires_ne_fait ne_fait_renforcer fait_renforcer_sensation renforcer_sensation_bien sensation_bien_être bien_être_PETIT être_PETIT_PLUS