avons_reservé_table reservé_table_repas table_repas_professionnel repas_professionnel_service professionnel_service_était service_était_super était_super_repas super_repas_exquis repas_exquis_avons exquis_avons_été avons_été_surpris été_surpris_ravis surpris_ravis_plats ravis_plats_avons plats_avons_découverts avons_découverts_saveurs découverts_saveurs_très saveurs_très_bien très_bien_mariées bien_mariées_découverte mariées_découverte_gustative découverte_gustative_peu gustative_peu_temps peu_temps_avions