precise_a_nouveau a_nouveau_ne nouveau_ne_suis ne_suis_jamais suis_jamais_allé jamais_allé_restaurant allé_restaurant_n restaurant_n_ai n_ai_donc ai_donc_avis donc_avis_qualité avis_qualité_cuisine qualité_cuisine_qu cuisine_qu_sert qu_sert_Cependant sert_Cependant_fais Cependant_fais_comme fais_comme_beaucoup comme_beaucoup_lis beaucoup_lis_commentaires lis_commentaires_choisir commentaires_choisir_trouve choisir_trouve_maladroit