Dîner_hier_soir hier_soir_amis soir_amis_patron amis_patron_a patron_a_reçus a_reçus_toujours reçus_toujours_aussi toujours_aussi_bien aussi_bien_Sympa bien_Sympa_d’un Sympa_d’un_contact d’un_contact_très contact_très_agréable très_agréable_Tripes agréable_Tripes_provençale Tripes_provençale_excellentes provençale_excellentes_copieuses excellentes_copieuses_dessert copieuses_dessert_glacé dessert_glacé_base glacé_base_noisettes base_noisettes_châtaignes noisettes_châtaignes_tout châtaignes_tout_fois tout_fois_original fois_original_succulent