adresse_allons_très allons_très_régulièrement très_régulièrement_régaler régulièrement_régaler_collègues régaler_collègues_travail collègues_travail_acceuil travail_acceuil_très acceuil_très_chaleureux très_chaleureux_chef chaleureux_chef_a chef_a_toujours a_toujours_très toujours_très_bonnes très_bonnes_suggestions bonnes_suggestions_affaire suggestions_affaire_cuisine affaire_cuisine_maestro cuisine_maestro_service maestro_service_est service_est_parfait est_parfait_est parfait_est_toujours est_toujours_moment toujours_moment_très moment_très_convivial