petite_adresse_si adresse_si_grand si_grand_talent grand_talent_chef talent_chef_souriant chef_souriant_partage souriant_partage_gentillesse partage_gentillesse_modestie gentillesse_modestie_passion modestie_passion_savoir-faire passion_savoir-faire_cadre savoir-faire_cadre_modeste cadre_modeste_chaleureux modeste_chaleureux_assiettes chaleureux_assiettes_surprenantes assiettes_surprenantes_produits surprenantes_produits_sont produits_sont_sublimés sont_sublimés_d sublimés_d_astucieuses d_astucieuses_combinaisons astucieuses_combinaisons_saveurs combinaisons_saveurs_Parfois saveurs_Parfois_improbables