avons_voyagé_tout voyagé_tout_long tout_long_repas long_repas_écoutant repas_écoutant_explications écoutant_explications_détaillées explications_détaillées_responsable détaillées_responsable_sujet responsable_sujet_mets sujet_mets_vins mets_vins_dégustant vins_dégustant_différents dégustant_différents_plats différents_plats_Un plats_Un_faute Un_faute_tout faute_tout_long tout_long_repas long_repas_surprise repas_surprise_l’exception surprise_l’exception_peut-être l’exception_peut-être_pain peut-être_pain_servi