Découvert_grâce_comme grâce_comme_presque comme_presque_restaurants presque_restaurants_déjeunons restaurants_déjeunons_dinons déjeunons_dinons_sommes dinons_sommes_ravis sommes_ravis_avoir ravis_avoir_déjeuner avoir_déjeuner_petit déjeuner_petit_coin petit_coin_Assiettes coin_Assiettes_bien Assiettes_bien_garnies bien_garnies_produits garnies_produits_bons produits_bons_frais bons_frais_and frais_and_fish and_fish_magnifique fish_magnifique_ice magnifique_ice_tea ice_tea_maison tea_maison_Très maison_Très_proche