avons_essayé_première essayé_première_fois première_fois_petit fois_petit_restaurant petit_restaurant_faisait restaurant_faisait_oeil faisait_oeil_déjà oeil_déjà_ancienne déjà_ancienne_adresse ancienne_adresse_rue adresse_rue_lakanal rue_lakanal_nouveau lakanal_nouveau_restaurant nouveau_restaurant_est restaurant_est_magnifique est_magnifique_Ambiance magnifique_Ambiance_reposante Ambiance_reposante_authentique reposante_authentique_patron authentique_patron_est patron_est_adorable est_adorable_carte adorable_carte_permanente carte_permanente_ajoute permanente_ajoute_plats ajoute_plats_changent