sommes_ravies_découverte ravies_découverte_mères découverte_mères_filles mères_filles_personnel filles_personnel_est personnel_est_fort est_fort_sympathique fort_sympathique_accueillant sympathique_accueillant_bienveillant accueillant_bienveillant_petits bienveillant_petits_plats petits_plats_partager plats_partager_hummm partager_hummm_savoureux hummm_savoureux_goûteux savoureux_goûteux_vrai goûteux_vrai_bonheur vrai_bonheur_revanche bonheur_revanche_cocktails revanche_cocktails_peu cocktails_peu_sucrés peu_sucrés_goût sucrés_goût_Ambiance goût_Ambiance_top Ambiance_top_super top_super_musique