Étant_déjà_venue déjà_venue_fois venue_fois_amie fois_amie_dire amie_dire_part dire_part_super part_super_accueil super_accueil_chaleureux accueil_chaleureux_convivial chaleureux_convivial_carte convivial_carte_variée carte_variée_peut variée_peut_trouver peut_trouver_bonheur trouver_bonheur_toujours bonheur_toujours_suggestion toujours_suggestion_plats suggestion_plats_nouveaux plats_nouveaux_revisités nouveaux_revisités_frais revisités_frais_desserts frais_desserts_tomber desserts_tomber_Surtout tomber_Surtout_ne Surtout_ne_changez ne_changez_rien