Beaucoup_d_attente d_attente_avant attente_avant_d avant_d_être d_être_servis être_servis_et servis_et_le et_le_maître le_maître_d maître_d_hôtel d_hôtel_responsable hôtel_responsable_du responsable_du_courtepaille du_courtepaille_est courtepaille_est_loin est_loin_d loin_d_être d_être_agréable être_agréable_on agréable_on_a on_a_l a_l_impression l_impression_de impression_de_le de_le_déranger le_déranger_... déranger_..._restaurant ..._restaurant_en restaurant_en_perte en_perte_d perte_d_amabilité d_amabilité_le amabilité_le_reste le_reste_de reste_de_l de_l_équipe l_équipe_reste équipe_reste_serviable reste_serviable_!