Très_déçus_nous déçus_nous_y nous_y_retournerons y_retournerons_pas retournerons_pas_La pas_La_salade La_salade_plus salade_plus_que plus_que_médiocre que_médiocre_plus médiocre_plus_de plus_de_garniture de_garniture_avec garniture_avec_que avec_que_de que_de_simples de_simples_feuilles simples_feuilles_quelconque feuilles_quelconque_La quelconque_La_carte La_carte_a carte_a_changée a_changée_dans changée_dans_le dans_le_mauvais le_mauvais_sens