Après_y_être y_être_allé être_allé_trois allé_trois_fois trois_fois_je fois_je_ressors je_ressors_bien ressors_bien_déçue bien_déçue_de déçue_de_cet de_cet_endroit cet_endroit_, endroit_,_malgré ,_malgré_l' malgré_l'_emplacement l'_emplacement_idéal emplacement_idéal_. idéal_._Nourriture ._Nourriture_très Nourriture_très_chère très_chère_et chère_et_certainement et_certainement_congelée certainement_congelée_pour congelée_pour_la pour_la_plupart la_plupart_des plupart_des_produits des_produits_que produits_que_l' que_l'_on l'_on_souhaiterait on_souhaiterait_frais souhaiterait_frais_. frais_._Les ._Les_tapas Les_tapas_cependant tapas_cependant_sont cependant_sont_bons sont_bons_mais bons_mais_chers mais_chers_. chers_._Pour ._Pour_ce Pour_ce_qui ce_qui_est qui_est_de est_de_l' de_l'_accueil l'_accueil_on accueil_on_...