soyez_néophytes néophytes_vins vins_spiritueux spiritueux_experts experts_serez serez_ravis ravis_venir venir_lieu lieu_privilégié privilégié_vins vins_verre verre_changent changent_mois mois_bonne bonne_dizaine dizaine_références références_3 3_couleurs couleurs_carte carte_vins vins_bouteilles bouteilles_est