suis_habitué_decembre habitué_decembre_2016 decembre_2016_a 2016_a_eu a_eu_changement eu_changement_nouveau changement_nouveau_propriétaire nouveau_propriétaire_serveur propriétaire_serveur_est serveur_est_encore est_encore_pire encore_pire_avant pire_avant_Pas avant_Pas_chauffage Pas_chauffage_comptent chauffage_comptent_chaleur comptent_chaleur_humaine chaleur_humaine_peu humaine_peu_monde peu_monde_a monde_a_canapés