avais_habitude_aller habitude_aller_régulièrement aller_régulièrement_pâtissier régulièrement_pâtissier_a pâtissier_a_été a_été_changé été_changé_prix changé_prix_ont prix_ont_très ont_très_fortement très_fortement_augmentés fortement_augmentés_Résultats augmentés_Résultats_cup Résultats_cup_cake cup_cake_base cake_base_gâteaux base_gâteaux_intérêt gâteaux_intérêt_demande intérêt_demande_est demande_est_faite est_faite_place faite_place_acheté place_acheté_surgelée acheté_surgelée_un