avons_pris_petit pris_petit_dej petit_dej_Alors dej_Alors_jus Alors_jus_d’orange jus_d’orange_n’en d’orange_n’en_était n’en_était_pas était_pas_un pas_un_remplacé un_remplacé_discrètement remplacé_discrètement_multi discrètement_multi_fruits multi_fruits_base fruits_base_concentré base_concentré_glaçon concentré_glaçon_mettre glaçon_mettre_moins mettre_moins_tout moins_tout_petit tout_petit_verre petit_verre_plombes verre_plombes_attendre plombes_attendre_une