années_souhaitai_aller souhaitai_aller_manger aller_manger_restaurant manger_restaurant_comme restaurant_comme_nom comme_nom_indique nom_indique_serait indique_serait_spécialisé serait_spécialisé_tarte spécialisé_tarte_a tarte_a_été a_été_déception été_déception_tartes déception_tartes_sont tartes_sont_fines sont_fines_assez fines_assez_grasses assez_grasses_notres grasses_notres_tomate notres_tomate_fromage tomate_fromage_chèvre fromage_chèvre_miel chèvre_miel_pomme miel_pomme_terre pomme_terre_fromage terre_fromage_ne fromage_ne_sentait ne_sentait_pas sentait_pas_gout