etions_allez_a allez_a_deux a_deux_ans deux_ans_délice ans_délice_bien délice_bien_a bien_a_bien a_bien_changé bien_changé_nouveaux changé_nouveaux_propriétaires nouveaux_propriétaires_sont propriétaires_sont_loin sont_loin_tres loin_tres_loin tres_loin_qualités loin_qualités_saveurs qualités_saveurs_plats saveurs_plats_offrais plats_offrais_anciens offrais_anciens_proprios anciens_proprios_entree proprios_entree_plat entree_plat_dessert