sommes_allés_2 allés_2_fois 2_fois_fois fois_fois_avons fois_avons_été avons_été_très été_très_déçus très_déçus_1 déçus_1_plats 1_plats_affichés plats_affichés_n’étaient affichés_n’étaient_pas n’étaient_pas_assiette pas_assiette_bar assiette_bar_est bar_est_transformé est_transformé_truite transformé_truite_2- truite_2-_service 2-_service_horrible service_horrible_manager horrible_manager_chef manager_chef_est chef_est_incompétent est_incompétent_certains incompétent_certains_serveurs certains_serveurs_permettent