être_venu_nombreuses venu_nombreuses_années nombreuses_années_soirée années_soirée_était soirée_était_très était_très_décevante très_décevante_service décevante_service_impersonnel service_impersonnel_toilettes impersonnel_toilettes_inacceptables toilettes_inacceptables_n’importe inacceptables_n’importe_établissement n’importe_établissement_plats établissement_plats_très plats_très_moyens très_moyens_C’est moyens_C’est_raté C’est_raté_a raté_a_boulot a_boulot_revenir boulot_revenir_niveau revenir_niveau_correct niveau_correct_pourrait correct_pourrait_s’y