Grosse_déception_hier déception_hier_lors hier_lors_d’un lors_d’un_repas d’un_repas_clients repas_clients_amis clients_amis_foie amis_foie_gras foie_gras_a gras_a_l’huître a_l’huître_vinaigre l’huître_vinaigre_était vinaigre_était_trop était_trop_salé trop_salé_indigeste salé_indigeste_goût indigeste_goût_douteux goût_douteux_Un douteux_Un_petit Un_petit_amuse petit_amuse_gueule amuse_gueule_papier gueule_papier_carton papier_carton_rehausser carton_rehausser_beignet rehausser_beignet_potiron beignet_potiron_est potiron_est_solution est_solution_inacceptable