Plutôt_déçu_étais déçu_étais_venu étais_venu_suite venu_suite_bonnes suite_bonnes_critiques bonnes_critiques_finalement critiques_finalement_pas finalement_pas_top pas_top_Pas top_Pas_super Pas_super_bon super_bon_cuisine bon_cuisine_banale cuisine_banale_deco banale_deco_salle deco_salle_pas salle_pas_jolie pas_jolie_Service jolie_Service_moyennement Service_moyennement_sympa moyennement_sympa_ne sympa_ne_reviendrai ne_reviendrai_pas reviendrai_pas_dommage