Beaucoup_d_attente d_attente_avant attente_avant_d avant_d_être d_être_servis être_servis_maître servis_maître_d maître_d_hôtel d_hôtel_responsable hôtel_responsable_courtepaille responsable_courtepaille_est courtepaille_est_loin est_loin_d loin_d_être d_être_agréable être_agréable_a agréable_a_l a_l_impression l_impression_déranger impression_déranger_restaurant déranger_restaurant_perte restaurant_perte_d perte_d_amabilité d_amabilité_reste amabilité_reste_l reste_l_équipe l_équipe_reste équipe_reste_serviable