ai_mangé_déjà mangé_déjà_fois déjà_fois_carte fois_carte_est carte_est_variée est_variée_prix variée_prix_sont prix_sont_moyenne sont_moyenne_assiettes moyenne_assiettes_bol assiettes_bol_sont bol_sont_très sont_très_bien très_bien_présentés bien_présentés_avais présentés_avais_pris avais_pris_chirashi pris_chirashi_saumon chirashi_saumon_ai saumon_ai_vraiment ai_vraiment_apprécié vraiment_apprécié_séparation apprécié_séparation_éviter séparation_éviter_contact éviter_contact_saumon contact_saumon_wasabi saumon_wasabi_gingembre