sommes_allées_collègues allées_collègues_midi collègues_midi_manger midi_manger_restaurant manger_restaurant_Accueil restaurant_Accueil_assez Accueil_assez_froid assez_froid_ai froid_ai_dû ai_dû_attendre dû_attendre_15 attendre_15_bonnes 15_bonnes_minutes bonnes_minutes_daigne minutes_daigne_apporter daigne_apporter_fourchette apporter_fourchette_ben fourchette_ben_tout ben_tout_monde tout_monde_ne monde_ne_maitrise ne_maitrise_pas maitrise_pas_baguettes pas_baguettes_Concernant baguettes_Concernant_nourriture Concernant_nourriture_était nourriture_était_plutôt était_plutôt_basique plutôt_basique_n' basique_n'_était