sommes_assez_réguliers assez_réguliers_plus réguliers_plus_plus plus_plus_déçus plus_déçus_service déçus_service_peu service_peu_aimable peu_aimable_Service aimable_Service_trop Service_trop_long trop_long_seulement long_seulement_tables seulement_tables_affairés tables_affairés_préparer affairés_préparer_commandes préparer_commandes_emporter commandes_emporter_produits emporter_produits_frais produits_frais_bons frais_bons_allons bons_allons_éviter allons_éviter_restaurant éviter_restaurant_avenir restaurant_avenir_accueil