Bon_déjà_a déjà_a_attendu a_attendu_très attendu_très_très très_très_très très_très_longtemps très_longtemps_pourtant longtemps_pourtant_avait pourtant_avait_peu avait_peu_monde peu_monde_Saumon monde_Saumon_élevage Saumon_élevage_très élevage_très_gras très_gras_sais gras_sais_pas sais_pas_a pas_a_plus a_plus_gras plus_gras_Sashimi gras_Sashimi_largeur Sashimi_largeur_pouce largeur_pouce_grandes pouce_grandes_bouches grandes_bouches_très bouches_très_déçu