Très_déçus_retournerons déçus_retournerons_pas retournerons_pas_salade pas_salade_plus salade_plus_médiocre plus_médiocre_plus médiocre_plus_garniture plus_garniture_simples garniture_simples_feuilles simples_feuilles_quelconque feuilles_quelconque_carte quelconque_carte_a carte_a_changée a_changée_mauvais changée_mauvais_sens