Tres_deçus_restaurant deçus_restaurant_avons restaurant_avons_l’habitude avons_l’habitude_venir l’habitude_venir_famill venir_famill_amis famill_amis_restaurant amis_restaurant_sale restaurant_sale_surtout sale_surtout_sanitaires surtout_sanitaires_a sanitaires_a_l’etage a_l’etage_horrible l’etage_horrible_j’imagine horrible_j’imagine_cuisines j’imagine_cuisines_viande cuisines_viande_commandé viande_commandé_cuite commandé_cuite_reçu cuite_reçu_carrement reçu_carrement_crue carrement_crue_service crue_service_super service_super_long super_long_n’irais long_n’irais_plus n’irais_plus_désolé plus_désolé_edt désolé_edt_mieux edt_mieux_reçu mieux_reçu_nouveaux reçu_nouveaux_buffalo nouveaux_buffalo_crolles buffalo_crolles_voiron crolles_voiron_st