être_allé_trois allé_trois_fois trois_fois_ressors fois_ressors_bien ressors_bien_déçue bien_déçue_endroit déçue_endroit_emplacement endroit_emplacement_idéal emplacement_idéal_Nourriture idéal_Nourriture_très Nourriture_très_chère très_chère_certainement chère_certainement_congelée certainement_congelée_plupart congelée_plupart_produits plupart_produits_souhaiterait produits_souhaiterait_frais souhaiterait_frais_tapas frais_tapas_cependant tapas_cependant_sont cependant_sont_bons sont_bons_chers bons_chers_est chers_est_accueil