Après_un_an un_an_à an_à_venir à_venir_régulièrement venir_régulièrement_au régulièrement_au_Magic au_Magic_Candy Magic_Candy_Bar Candy_Bar_depuis Bar_depuis_notre depuis_notre_arrivée notre_arrivée_sur arrivée_sur_Grenoble sur_Grenoble_, Grenoble_,_je ,_je_peux je_peux_confirmer peux_confirmer_que confirmer_que_c' que_c'_est c'_est_mon est_mon_restaurant mon_restaurant_coup restaurant_coup_de coup_de_cœur de_cœur_de cœur_de_l' de_l'_année l'_année_et année_et_que et_que_c' que_c'_est c'_est_LE est_LE_restaurant LE_restaurant_où restaurant_où_venir où_venir_déguster venir_déguster_un déguster_un_bon un_bon_burger bon_burger_dans burger_dans_une dans_une_ambiance une_ambiance_chaleureuse ambiance_chaleureuse_et chaleureuse_et_où et_où_l' où_l'_on l'_on_...