Endroit_très_sympathique très_sympathique_et sympathique_et_chaleureux et_chaleureux_Nous chaleureux_Nous_avons Nous_avons_très avons_très_bien très_bien_mangé bien_mangé_Les mangé_Les_Saints Les_Saints_Jacques Saints_Jacques_aux Jacques_aux_petits aux_petits_légumes petits_légumes_étaient légumes_étaient_excellentes étaient_excellentes_Très excellentes_Très_bien Très_bien_conseillé bien_conseillé_pour conseillé_pour_le pour_le_vin le_vin_au vin_au_verre au_verre_Je verre_Je_reviendrai Je_reviendrai_certainement