Que_vous_soyez vous_soyez_néophytes soyez_néophytes_en néophytes_en_vins en_vins_et vins_et_spiritueux et_spiritueux_ou spiritueux_ou_experts ou_experts_, experts_,_vous ,_vous_serez vous_serez_ravis serez_ravis_de ravis_de_venir de_venir_dans venir_dans_ce dans_ce_lieu ce_lieu_privilégié lieu_privilégié_où privilégié_où_les où_les_vins les_vins_au vins_au_verre au_verre_changent verre_changent_tous changent_tous_les tous_les_mois les_mois_avec mois_avec_une avec_une_bonne une_bonne_dizaine bonne_dizaine_de dizaine_de_références de_références_dans références_dans_les dans_les_3 les_3_couleurs 3_couleurs_. couleurs_._La ._La_carte La_carte_des carte_des_vins des_vins_en vins_en_bouteilles en_bouteilles_est bouteilles_est_...